Mark,Models
AC,"['378_GT', 'ACE', 'ACECA', 'COBRA']"
ACURA,"['CL', 'CSX', 'EL', 'ILX', 'INTEGRA', 'LEGEND', 'MDX', 'NSX', 'RDX', 'RL', 'RLX', 'RSX', 'SLX', 'TL', 'TLX', 'TSX', 'ZDX']"
ADLER,"['DIPLOMAT', 'TRUMPF_JUNIOR']"
ALFA_ROMEO,"['105_115', '145', '146', '147', '155', '156', '159', '164', '166', '1900', '2600', '33', '4C', '6', '6C', '75', '8C_COMPETIZIONE', '90', 'ALFASUD', 'ALFETTA', 'ARNA', 'BRERA', 'DISCO_VOLANTE', 'GIULIA', 'GIULIETTA', 'GT', 'GTA', 'GTV', 'MITO', 'MONTREAL', 'RZ', 'SPIDER', 'SPRINT', 'STELVIO', 'SZ']"
ALPINA,"['B10', 'B11', 'B12', 'B3', 'B4', 'B5', 'B6', 'B7', 'B8', 'B9', 'C1', 'C2', 'D10', 'D3', 'D4', 'D5', 'ROADSTER', 'XD3', 'XD4']"
ALPINE,"['A110', 'A310', 'A610', 'GTA']"
AM_GENERAL,['HUMVEE']
AMC,"['EAGLE', 'HORNET']"
APAL,['21541']
ARIEL,['ATOM']
ARO,"['10', '24']"
ASIA,"['RETONA', 'ROCSTA', 'TOPIC']"
ASTON_MARTIN,"['BULLDOG', 'CYGNET', 'DB_AR_1', 'DB11', 'DB5', 'DB7', 'DB9', 'DBS', 'DBX', 'LAGONDA', 'ONE_77', 'RAPIDE', 'TICKFORD_CAPRI', 'V12_VANTAGE', 'V12_ZAGATO', 'V8', 'V8_ZAGATO', 'V12', 'VIRAGE']"
AUDI,"['100', '200', '50', '80', '90', '920', 'A1', 'A2', 'A3', 'A4', 'A4_ALLROAD', 'A5', 'A6', 'ALLROAD', 'A7', 'A8', 'CABRIOLET', 'COUPE', 'E_TRON', 'E_TRON_SPORTBACK', 'NSU_RO_80', 'Q2', 'Q3', 'Q3_SPORTBACK', 'Q5', 'Q7', 'Q8', 'QUATTRO', 'R8', 'R8_LMP', 'RS2', 'RS3', 'RS4', 'RS5', 'RS6', 'RS7', 'RSQ3', 'RS_Q3_SPORTBACK', 'RS_Q8', 'S1', 'S2', 'S3', 'S4', 'S5', 'S6', 'S7', 'S8', 'SQ2', 'SQ5', 'SQ7', 'SQ8', 'TT', 'TT_RS', 'TTS', 'TYP_R', 'V8']"
AURUS,['SENAT']
AUSTIN,"['ALLEGRO', 'AMBASSADOR', 'FL2', 'MAESTRO', 'MAXI', 'METRO', 'MINI', 'MONTEGO', 'PRINCESS', 'SPRITE']"
AUSTIN_HEALEY,['3000']
AUTOBIANCHI,['A_112']
BAIC,"['A1', 'BJ_2020', 'BJ_212', 'EU260', 'JEEP_CHEROKEE_2500', 'LUBA']"
BAJAJ,['QUTE']
BALTIJAS_DZIPS,['BD_1322']
BATMOBILE,"['1989', '2018']"
BENTLEY,"['ARNAGE', 'AZURE', 'BENTAYGA', 'BROOKLANDS', 'CONTINENTAL', 'CONTINENTAL_FLYING_SPUR', 'CONTINENTAL_GT', 'EIGHT', 'FLYING_SPUR', 'MARK_VI', 'MULSANNE', 'R_TYPE', 'S', 'T_SERIES', 'TURBO_R']"
BERTONE,['FREECLIMBER']
BILENKIN,['VINTAGE']
BITTER,"['CD', 'TYPE_3']"
BMW,"['02', '1ER', 'M1', '2ER', '2ACTIVETOURER', '2GRANDTOURER', '2000_C_CS', '3ER', '3_15', '315', '3200', '321', '326', '327', '340', '4', '5ER', '501', '502', '503', '507', '6ER', '600', '7ER', '700', '8ER', 'E3', 'E9', 'I3', 'I8', 'M2', 'M3', 'M4', 'M5', 'M6', 'M8', 'NEW_CLASS', 'X1', 'X2', 'X3', 'X3_M', 'X4', 'X4_M', 'X5', 'X5_M', 'X6', 'X6_M', 'X7', 'Z1', 'Z3', 'Z3M', 'Z4', 'Z4_M', 'Z8']"
BORGWARD,"['2000', 'HANSA_1100']"
BRABUS,"['73_S', 'M_V12', 'ML_63_BITURBO', 'SV12']"
BRILLIANCE,"['FRV_BS2', 'H230', 'H530', 'M1', 'M2_BS4', 'M3_BC3', 'V3', 'V5']"
BRISTOL,"['BLENHEIM', 'BLENHEIM_SPEEDSTER', 'FIGHTER']"
BUFORI,"['GENEVA', 'LA_JOYA']"
BUGATTI,"['CHIRON', 'EB_110', 'EB_112', 'EB_VEYRON', 'TYPE_55']"
BUICK,"['CENTURY', 'ELECTRA', 'ENCLAVE', 'ENCORE', 'ENVISION', 'ESTATE_WAGON', 'EXCELLE', 'GL8', 'GS', 'LA_CROSSE', 'LE_SABRE', 'LIMITED', 'LUCERNE', 'PARK_AVENUE', 'RAINER', 'REATTA', 'REGAL', 'RENDEZVOUS', 'RIVIERA', 'ROADMASTER', 'SKYHAWK', 'SKYLARK', 'SPECIAL', 'SUPER', 'TERRAZA', 'VERANO', 'WILDCAT']"
BYD,"['E6', 'F0', 'F3', 'F5', 'F6', 'F8', 'FLYER', 'G3', 'G6', 'L3', 'M6', 'S6']"
BYVIN,"['BD_132J', 'BD_326J']"
CADILLAC,"['ALLANTE', 'ATS', 'ATS_V', 'BLS', 'BROUGHAM', 'CATERA', 'CT4', 'CT4_V', 'CT5', 'CT5_V', 'CT6', 'CTS', 'CTS_V', 'DE_VILLE', 'DTS', 'ELDORADO', 'ELR', 'ESCALADE', 'FLEETWOOD', 'LSE', 'SERIES_62', 'SEVILLE', 'SIXTY_SPECIAL', 'SRX', 'STS', 'XLR', 'XT4', 'XT5', 'XT6', 'XTS']"
CALLAWAY,['C12']
CARBODIES,['FX4']
CATERHAM,"['C21', 'CSR', 'SEVEN']"
CHANA,['BENNI']
CHANGAN,"['ALSVIN_V7', 'BENNI', 'CM_8', 'CS35', 'CS35PLUS', 'CS55', 'CS75', 'CX20', 'EADO', 'RAETON', 'Z_SHINE']"
CHANGFENG,"['FLYING', 'CS6']"
CHANGHE,['IDEAL']
CHERY,"['AMULET', 'ARRIZO_3', 'ARRIZO7', 'B13', 'BONUS', 'BONUS_3', 'CROSS_EASTAR', 'FORA', 'INDIS', 'KARRY', 'KIMO', 'M11', 'ORIENTAL_SON', 'QQ6', 'QQME', 'QQ', 'TIGGO', 'TIGGO_2', 'TIGGO_3', 'TIGGO_4', 'TIGGO_5', 'TIGGO_7', 'VERY', 'WINDCLOUD']"
CHEVROLET,"['ALERO', 'ASTRA', 'ASTRO', 'AVALANCHE', 'AVEO', 'BEL_AIR', 'BERETTA', 'BLAZER', 'K5_BLAZER', 'BOLT', 'C_10', 'CK', 'CAMARO', 'CAPRICE', 'CAPTIVA', 'CAVALIER', 'CELEBRITY', 'CELTA', 'CHEVELLE', 'CHEVETTE', 'CITATION', 'COBALT', 'COLORADO', 'CORSA', 'CORSICA', 'CORVAIR', 'CORVETTE', 'CRUZE', 'CRUZE_HR', 'CSV_CR8', 'DELUXE', 'EL_CAMINO', 'EPICA', 'EQUINOX', 'EVANDA', 'EXPRESS', 'FLEETMASTER', 'HHR', 'IMPALA', 'KALOS', 'LACETTI', 'LANOS', 'LUMINA', 'LUMINA_APV', 'LUV_DMAX', 'MALIBU', 'MASTER', 'CMATIZ', 'METRO', 'MONTE_CARLO', 'MONZA', 'MW', 'NIVA', 'NOVA', 'NUBIRA', 'OMEGA', 'ORLANDO', 'PRIZM', 'REZZO', 'S_10', 'SAIL', 'SILVERADO', 'SONIC', 'SPARK', 'SPECIAL_DELUXE', 'SPIN', 'SS', 'SSR', 'STARCRAFT', 'SUBURBAN', 'TACUMA', 'TAHOE', 'TAVERA', 'TRACKER', 'TRAILBLAZER', 'TRANSSPORT', 'TRAVERSE', 'UPLANDER', 'VAN', 'VECTRA', 'VENTURE', 'VIVA', 'VOLT', 'ZAFIRA']"
CHRYSLER,"['180', '200', '300', '300_LETTER_SERIES', '300C', '300M', 'ASPEN', 'CIRRUS', 'CONCORDE', 'CORDOBA', 'CROSSFIRE', 'DAYTONA', 'DYNASTY', 'ES', 'FIFTH_AVENUE', 'IMPERIAL', 'IMPERIAL_CROWN', 'INTREPID', 'LE_BARON', 'LHS', 'NASSAU', 'NEON', 'NEW_YORKER', 'NEWPORT', 'PACIFICA', 'PROWLER', 'PT_CRUISER', 'SARATOGA', 'SEBRING', 'STRATUS', 'TC_BY_MASERATI', 'TOWN_AND_COUNTRY', 'VIPER', 'VISION', 'VOYAGER', 'WINDSOR']"
CITROEN,"['2CV', 'AMI', 'AX', 'BERLINGO', 'BX', 'C_CROSSER', 'C_ELYSEE', 'C_QUATRE', 'C_TRIOMPHE', 'C_ZERO', 'C1', 'C2', 'C3', 'C3_AIRCROSS', 'C3_PICASSO', 'C4', 'C4_AIRCROSS', 'C4_CACTUS', 'C4_PICASSO', 'C4_SPACETOURER', 'C5', 'C5_AIRCROSS', 'C6', 'C8', 'CX', 'DS', 'DS3', 'DS4', 'DS5', 'DYANE', 'E_MEHARI', 'EVASION', 'GS', 'JUMPY', 'LN', 'NEMO', 'SAXO', 'SM', 'SPACETOURER', 'TRACTION_AVANT', 'VISA', 'XANTIA', 'XM', 'XSARA', 'XSARA_PICASSO', 'ZX']"
CIZETA,['V16T']
COGGIOLA,['T_REX']
CORD,['L_29']
DACIA,"['1300', '1310', '1325', '1410', 'DOKKER', 'DUSTER', 'LODGY', 'LOGAN', 'NOVA', 'PICK_UP', 'SANDERO', 'SOLENZA', 'SUPERNOVA']"
DADI,"['CITY_LEADING', 'SHUTTLE', 'SMOOTHING']"
DAEWOO,"['ALPHEON', 'ARCADIA', 'CHAIRMAN', 'DAMAS', 'ESPERO', 'EVANDA', 'G2X', 'GENTRA', 'KALOS', 'KORANDO', 'LACETTI', 'LACETTI_PREMIERE', 'LANOS', 'LEGANZA', 'LE_MANS', 'MAGNUS', 'MATIZ', 'MATIZ_CREATIVE', 'MUSSO', 'NEXIA', 'NUBIRA', 'PRINCE', 'RACER', 'REZZO', 'ROYALE', 'SENS', 'TACUMA', 'TICO', 'TOSCA', 'WINDSTORM']"
DAIHATSU,"['ALTIS', 'APPLAUSE', 'ATRAI', 'BE_GO', 'BEE', 'BOON', 'BOON_LUMINAS', 'CAST', 'CERIA', 'CHARADE', 'CHARMANT', 'COO', 'COPEN', 'CUORE', 'DELTA_WAGON', 'ESSE', 'FELLOW', 'FEROZA', 'GRAN_MOVE', 'HIJET', 'LEEZA', 'MATERIA', 'MAX', 'MEBIUS', 'MIDGET_II', 'MIRA', 'MIRA_E_S', 'MIRA_GINO', 'MOVE', 'MOVE_CANBUS', 'MOVE_CONTE', 'MOVE_LATTE', 'NAKED', 'OPTI', 'PYZAR', 'ROCKY', 'RUGGER', 'SIRION', 'SONICA', 'STORIA', 'TAFT', 'TANTO', 'TANTO_EXE', 'TERIOS', 'THOR', 'TREVIS', 'WAKE', 'WILDCAT', 'XENIA', 'YRV']"
DAIMLER,"['DS_420', 'SOVEREIGN', 'SP250', 'X_300', 'X_308', 'X_350', 'XJ40', 'XJS']"
DALLARA,['STRADALE']
DATSUN,"['240Z', '280ZX', '720', 'BLUEBIRD', 'CHERRY', 'GO', 'GO_PLUS', 'LAUREL', 'MI_DO', 'ON_DO', 'STANZA', 'SUNNY', 'URVAN', 'VIOLET']"
DE_TOMASO,"['BIGUA', 'GUARA', 'LONGCHAMP', 'MANGUSTA', 'PANTERA', 'VALLELUNGA']"
DELAGE,['D6']
DELOREAN,['DMC_12']
DERWAYS,"['ANTELOPE', 'AURORA', 'COWBOY', 'LAND_CROWN', 'PLUTUS', 'SALADIN', 'SHUTTLE']"
DESOTO,"['CUSTOM', 'FIREDOME', 'FIREFLITE']"
DKW,['3_6']
DODGE,"['600', 'ARIES', 'AVENGER', 'CALIBER', 'CARAVAN', 'CHALLENGER', 'CHARGER', 'CHARGER_DAYTONA', 'COLT', 'CUSTOM_ROYAL', 'DW_SERIES', 'D8', 'DAKOTA', 'DART', 'DAYTONA', 'DIPLOMAT', 'DURANGO', 'DYNASTY', 'INTREPID', 'JOURNEY', 'LANCER', 'MAGNUM', 'MAYFAIR', 'MONACO', 'NEON', 'NITRO', 'OMNI', 'RAIDER', 'RAM', 'RAMCHARGER', 'SHADOW', 'SPIRIT', 'STEALTH', 'STRATUS', 'VIPER', 'WC']"
DONGFENG,"['370', '580', 'A30', 'A9', 'AX7', 'H30_CROSS', 'MPV', 'OTING', 'RICH', 'S30']"
DONINVEST,"['ASSOL', 'KONDOR', 'ORION']"
DONKERVOORT,"['D8', 'D8_COSWORTH', 'D8_GT', 'D8_GTO', 'D8_ZETEC']"
DS,"['3', '3_CROSSBACK', '4', '5', '7_CROSSBACK']"
DW_HOWER,"['H3', 'H5']"
E_CAR,['GD04B']
EAGLE,"['PREMIER', 'SUMMIT', 'TALON', 'VISION', 'VISTA']"
EAGLE_CARS,['SS']
EXCALIBUR,"['SERIES_IV', 'SERIES_V']"
FAW,"['BESTURN_B50', 'BESTURN_B70', 'BESTURN_X40', 'X80', 'JINN', 'OLEY', 'V2', 'V5', 'VITA']"
FERRARI,"['250_GTO', '328', '348', '360_MODENA', '400', '412', '456', '458_ITALIA', '488', '512_BB', '512M', '512_TR', '550', '575_MARANELLO', '599', '612_SCAGLIETTI', '812_SUPERFAST', 'CALIFORNIA', 'DINO_206_GT', '208_308', 'DINO_246_GT', 'ENZO', 'F12BERLINETTA', 'F355', 'F40', 'F430', 'F50', 'F8_TRIBUTO', 'FF', 'FXX_K', 'GTC4LUSSO', 'LAFERRARI', 'MONDIAL', 'MONZA_SP', 'PORTOFINO', 'ROMA', 'SF90_STRADALE', 'TESTAROSSA']"
FIAT,"['124', '124_SPIDER', '124_SPORT_SPIDER', '125', '126', '127', '128', '130', '131', '132', '238', '500', '500L', '500X', '508', '600', '900T', 'ALBEA', 'ARGENTA', 'BARCHETTA', 'BRAVA', 'BRAVO', 'CINQUECENTO', 'COUPE', 'CROMA', 'DOBLO', 'DUNA', 'FIORINO', 'FREEMONT', 'FULLBACK', 'IDEA', 'LINEA', 'MAREA', 'MULTIPLA', 'PALIO', 'PANDA', 'PUNTO', 'QUBO', 'REGATA', 'RITMO', 'SCUDO', 'SEDICI', 'SEICENTO', 'SIENA', 'STILO', 'STRADA', 'TEMPRA', 'TIPO', 'ULYSSE', 'UNO', 'X_1_9']"
FISKER,['KARMA']
FLANKER,['F']
FORD,"['AEROSTAR', 'ASPIRE', 'B_MAX', 'BRONCO', 'BRONCO_II', 'C_MAX', 'CAPRI', 'CONSUL', 'CONTOUR', 'CORTINA', 'COUGAR', 'CROWN_VICTORIA', 'CUSTOM', 'ECONOLINE', 'ECOSPORT', 'EDGE', 'ESCAPE', 'ESCORT', 'ESCORT_NA', 'EVEREST', 'EXCURSION', 'EXPEDITION', 'EXPLORER', 'EXPLORER_SPORT_TRAC', 'F_150', 'FAIRLANE', 'FAIRMONT', 'FALCON', 'FESTIVA', 'FIESTA', 'FIESTA_ST', 'FIVE_HUNDRED', 'FLEX', 'FOCUS', 'FOCUS_NA', 'FOCUS_RS', 'FOCUS_ST', 'FREDA', 'FREESTAR', 'FREESTYLE', 'FUSION', 'FUSION_NA', 'GALAXIE', 'GALAXY', 'GPA', 'GRANADA', 'GRANADA_NA', 'GT', 'GT40', 'IKON', 'IXION', 'KA', 'KUGA', 'LASER', 'LTD_CROWN_VICTORIA', 'M151', 'MAINLINE', 'MAVERICK', 'MODEL_A', 'MODEL_T', 'MONDEO', 'MONDEO_ST', 'MUSTANG', 'MUSTANG_MACH_E', 'ORION', 'PROBE', 'PUMA', 'RANCHERO', 'RANGER', 'RANGER_NA', 'S_MAX', 'SCORPIO', 'SIERRA', 'SPECTRON', 'TAUNUS', 'TAURUS', 'TAURUS_X', 'TELSTAR', 'TEMPO', 'TERRITORY', 'THUNDERBIRD', 'TORINO', 'TOURNEO_CONNECT', 'TOURNEO_COURIER', 'TOURNEO_CUSTOM', 'V8', 'WINDSTAR', 'ZEPHYR']"
FOTON,"['MIDI', 'SAUVANA', 'TUNLAND']"
FSO,"['125_P', '126P', '127P', '132P', 'POLONEZ']"
FUQI,['LAND_KING']
GAC,['GS8']
GEELY,"['ATLAS', 'BEAUTY_LEOPARD', 'CK', 'EMGRAND_7', 'EMGRAND', 'EMGRAND_8', 'EMGRAND_GT', 'EMGRAND_X7', 'VISION', 'GC6', 'GC9', 'GS', 'HAOQING', 'LC', 'LC_CROSS', 'MK', 'MK_CROSS', 'MR', 'SC7', 'TX4']"
GENESIS,"['G70', 'G80', 'G90', 'GV80']"
GEO,"['METRO', 'PRIZM', 'SPECTRUM', 'STORM', 'TRACKER']"
GMC,"['100', 'ACADIA', 'CANYON', 'ENVOY', 'JIMMY', 'SAFARI', 'SAVANA', 'SIERRA', 'SONOMA', 'SUBURBAN', 'SYCLONE', 'TERRAIN', 'TYPHOON', 'VANDURA', 'YUKON']"
GONOW,['TROY']
GORDON,['ROADSTER']
GP,['MADISON']
GREAT_WALL,"['COOLBEAR', 'COWRY', 'DEER', 'FLORID', 'HOVER_2005', 'HOVERH3', 'HOVERH5', 'HOVERH6', 'HOVER_M1', 'HOVER_M2', 'HOVER_M4', 'PEGASUS', 'PERI', 'SAFE', 'SAILOR', 'SING', 'SOCOOL', 'VOLEEXC10', 'VOLEEXC30', 'WINGLE_UP']"
HAFEI,"['BRIO', 'PRINCIP', 'SAIBAO', 'SIGMA', 'SIMBO']"
HAIMA,"['2', '3', '7', 'FAMILY', 'FAMILY_F7', 'FREEMA', 'M3', 'S5']"
HANOMAG,"['REKORD', 'TYP_13']"
HAVAL,"['F7', 'F7X', 'H2', 'H6', 'H6_COUPE', 'H8', 'H9']"
HAWTAI,"['B_21', 'BOLIGER', 'LAVILLE']"
HINDUSTAN,"['AMBASSADOR', 'CONTESSA']"
HISPANO_SUIZA,['K6']
HOLDEN,"['APOLLO', 'ASTRA', 'BARINA', 'CALAIS', 'CAPRICE', 'COMMODORE', 'CRUZE', 'FRONTERA', 'JACKAROO', 'MONARO', 'RODEO', 'STATESMAN', 'UTE', 'VECTRA', 'ZAFIRA']"
HONDA,"['145', 'ACCORD', 'ACTY', 'AIRWAVE', 'ASCOT', 'ASCOT_INNOVA', 'AVANCIER', 'BALLADE', 'BEAT', 'BRIO', 'CAPA', 'CITY', 'CIVIC', 'CIVIC_FERIO', 'CIVIC_TYPE_R', 'CONCERTO', 'CR_V', 'CR_X', 'CR_Z', 'CROSSROAD', 'CROSSTOUR', 'DOMANI', 'EDIX', 'ELEMENT', 'ELYSION', 'FCX_CLARITY', 'FIT', 'FIT_ARIA', 'FIT_SHUTTLE', 'FR_V', 'FREED', 'GRACE', 'HORIZON', 'HR_V', 'INSIGHT', 'INSPIRE', 'INTEGRA', 'INTEGRA_SJ', 'JADE', 'JAZZ', 'LAGREAT', 'LEGEND', 'LIFE', 'LOGO', 'MDX', 'MOBILIO', 'MOBILIO_SPIKE', 'N_BOX', 'N_ONE', 'N_WGN', 'N360', 'NSX', 'ODYSSEY', 'ODYSSEY_NA', 'ORTHIA', 'PARTNER', 'PASSPORT', 'PILOT', 'PRELUDE', 'QUINT', 'RAFAGA', 'RIDGELINE', 'S_MX', 'S2000', 'S500', 'S600', 'S660', 'SABER', 'SHUTTLE', 'STEPWAGON', 'STREAM', 'STREET', 'THATS', 'TODAY', 'TORNEO', 'VAMOS', 'VEZEL', 'VIGOR', 'Z', 'ZEST']"
HORCH,"['830', '853']"
HUANGHAI,"['ANTELOPE', 'LANDSCAPE', 'PLUTUS']"
HUDSON,"['DELUXE_EIGHT', 'SUPER_SIX']"
HUMMER,"['H1', 'H2', 'H3']"
HYUNDAI,"['ACCENT', 'ASLAN', 'ATOS', 'AVANTE', 'AZERA', 'CENTENNIAL', 'CLICK', 'COUPE', 'CRETA', 'DYNASTY', 'ELANTRA', 'ENTOURAGE', 'EON', 'EQUUS', 'EXCEL', 'GALLOPER', 'GENESIS', 'GENESIS_COUPE', 'GETZ', 'GRACE', 'GRAND_STAREX', 'GRANDEUR', 'H_1_STAREX', 'H200', 'I10', 'I20', 'I30', 'I30_N', 'I40', 'IONIQ', 'IX20', 'IX35', 'IX55', 'KONA', 'LANTRA', 'LAVITA', 'MARCIA', 'MATRIX', 'MAXCRUZ', 'PALISADE', 'PONY', 'SANTA_FE', 'SANTAMO', 'SCOUPE', 'SOLARIS', 'SONATA', 'STAREX', 'STELLAR', 'TERRACAN', 'TIBURON', 'TRAJET', 'TUCSON', 'TUSCANI', 'VELOSTER', 'VENUE', 'VERACRUZ', 'VERNA', 'XG']"
INFINITI,"['EX', 'FX', 'G35', 'I', 'J30', 'JX', 'M', 'Q', 'Q30', 'Q40', 'Q50', 'Q60', 'Q70', 'QX30', 'QX4', 'QX50', 'QX56', 'QX60', 'QX70', 'QX80']"
INNOCENTI,"['ELBA', 'MILLE', 'MINI']"
INTERNATIONAL,['TRAVELALL']
INVICTA,['S1']
IRAN_KHODRO,"['DENA', 'PAYKAN', 'RUNNA', 'SAHRA', 'SAMAND', 'SARIR', 'SOREN']"
ISDERA,"['COMMENDATORE_112I', 'IMPERATOR_108I', 'SPYDER']"
ISUZU,"['117', 'AMIGO', 'ASCENDER', 'ASKA', 'AXIOM', 'BELLETT', 'BIGHORN', 'D_MAX', 'FARGO', 'FARGO_FILLY', 'FLORIAN', 'GEMINI', 'HOMBRE', 'IMPULSE', 'KB', 'MU', 'MU_7', 'MU_X', 'PIAZZA', 'RODEO', 'STYLUS', 'TF', 'TROOPER', 'VEHI_CROSS', 'WIZARD']"
IVECO,['MASSIF']
JAC,"['IEV7S', 'J2', 'J3', 'J4', 'J5', 'J6', 'J7', 'REFINE', 'M5', 'S1_REIN', 'S_3', 'S5', 'T6']"
JAGUAR,"['E_PACE', 'E_TYPE', 'F_PACE', 'F_TYPE', 'I_PACE', 'MARK_2', 'MARK_IX', 'S_TYPE', 'X_TYPE', 'XE', 'XF', 'XFR', 'XJ', 'XJ220', 'XJR', 'XJS', 'XK', 'XKR']"
JEEP,"['CHEROKEE', 'CJ', 'COMMANDER', 'COMPASS', 'GLADIATOR', 'GRAND_CHEROKEE', 'GRAND_WAGONEER', 'LIBETY_NA', 'PATRIOT', 'RENEGADE', 'WRANGLER']"
JENSEN,"['INTERCEPTOR', 'S_V8']"
JINBEI,['HAISE']
JMC,['BAODIAN']
KIA,"['AVELLA', 'BORREGO', 'CADENZA', 'CAPITAL', 'CARENS', 'CARNIVAL', 'CARSTAR', 'CEED', 'CEED_GT', 'CERATO', 'CLARUS', 'CONCORD', 'ELAN', 'ENTERPRISE', 'FORTE', 'JOICE', 'K3', 'K5', 'K7', 'K9', 'K900', 'LOTZE', 'MAGENTIS', 'MENTOR', 'MOHAVES', 'MORNING', 'NIRO', 'OPIRUS', 'OPTIMA', 'PICANTO', 'POTENTIA', 'PREGIO', 'PRIDE', 'PROCEED', 'QUANLIMA', 'QUORIS', 'RAY', 'RETONA', 'RIO', 'SEDONA', 'SELTOS', 'SEPHIA', 'SHUMA', 'SORENTO', 'SOUL', 'SOUL_EV', 'SPECTRA', 'SPORTAGE', 'STINGER', 'STONIC', 'TELLURIDE', 'TOWNER', 'VENGA', 'VISTO', 'X_TREK', 'XCEED']"
KOENIGSEGG,"['AGERA', 'CC8S', 'CCR', 'CCX', 'ONE_1', 'REGERA']"
KTM,['XBOW']
VAZ,"['1111', '2101', '2102', '2103', '2104', '2105', '2106', '2107', '2108', '2109', '21099', '2110', '2111', '2112', '2113', '2114', '2115', '2120', '2121', '2123', '2129', '2131_4X4', '2328', '2329', 'ELLADA', 'GRANTA', 'KALINA', 'LARGUS', '2170', 'REVOLUTION', 'VESTA', 'XRAY']"
LAMBORGHINI,"['350_400_GT', 'AVENTADOR', 'CENTANARIO', 'COUNTACH', 'DIABLO', 'EGOISTA', 'ESPADA', 'GALLARDO', 'HURACAN', 'ISLERO', 'JALPA', 'JARAMA', 'LM001', 'LM002', 'MIURA', 'MURCIELAGO', 'REVENTON', 'SESTO_ELEMENTO', 'SILHOUETTE', 'URRACO', 'URUS', 'VENENO']"
LANCIA,"['A_112', 'APPIA', 'AURELIA', 'BETA', 'DEDRA', 'DELTA', 'FLAMINIA', 'FLAVIA', 'FULVIA', 'GAMMA', 'HYUENA', 'KAPPA', 'LAMBDA', 'LYBRA', 'MONTECARLO', 'MUSA', 'PHEDRA', 'PRISMA', 'RALLY_037', 'STRATOS', 'THEMA', 'THESIS', 'TREVI', 'VOYAGER', 'Y10', 'YPSILON', 'ZETA']"
LAND_ROVER,"['DEFENDER', 'DISCOVERY', 'DISCOVERY_SPORT', 'FREELANDER', 'RANGE_ROVER', 'EVOQUE', 'RANGE_ROVER_SPORT', 'RANGE_ROVER_VELAR', 'SERIES_I', 'SERIES_II', 'SERIES_III']"
LANDWIND,"['CV9', 'FORWARD', 'X5', 'X6', 'X7', 'LW_X9']"
LEXUS,"['CT', 'ES', 'GS', 'GS_F', 'GX', 'HS', 'IS', 'IS_F', 'LC', 'LFA', 'LS', 'LX', 'NX', 'RC', 'RC_F', 'RX', 'SC', 'UX']"
LIEBAO,['LEOPARD']
LIFAN,"['BREEZ', 'CEBRIUM', 'CELLIYA', 'MURMAN', 'MYWAY', 'SMILY', 'SOLANO', 'X50', 'X60', 'X70']"
LIGIER,['JS_51']
LINCOLN,"['AVIATOR', 'BLACKWOOD', 'CAPRI', 'CONTINENTAL', 'CORSAIR', 'LS', 'MARK_III', 'MARK_IV', 'MARK_LT', 'MARK_VII', 'MARK_VIII', 'MKC', 'MKS', 'MKT', 'MKX', 'MKZ', 'NAUTILUS', 'NAVIGATOR', 'PREMIERE', 'TOWN_CAR']"
LOGEM,['EC30']
LOTUS,"['340R', 'ECLAT', 'ELAN', 'ELISE', 'ELITE', 'ESPRIT', 'EUROPA', 'EUROPA_S', 'EVORA', 'EXCEL', 'EXIGE']"
LTI,['TX']
LUCID,['AIR']
LUXGEN,"['LUXGEN5', '7_MPV', '7_SUV', 'U6_TURBO', 'U7_TURBO']"
MAHINDRA,"['ARMADA', 'BOLERO', 'CJ_3', 'CL', 'COMMANDER', 'MARSHAL', 'MM', 'NC_640_DP', 'SCORPIO', 'VERITO', 'VOYAGER', 'XYLO']"
MARCOS,"['GTS', 'LM400', 'LM500', 'MANTIS_GT', 'MARCASITE']"
MARLIN,"['5EXI', 'SPORTSTER']"
MARUSSIA,"['B1', 'B2']"
MARUTI,"['1000', '800', 'ALTO', 'BALENO', 'ESTEEM', 'GYPSY', 'OMNI', 'VERSA', 'WAGON_R', 'ZEN']"
MASERATI,"['228', '3200GT', '420', '4200_GT', 'BARCHETTA_STRADALE', 'BITURBO', 'BORA', 'CHUBASCO', 'GHIBLI', 'GRAN_TURISMO', 'INDY', 'KARIF', 'KHAMSIN', 'KYALAMI', 'LEVANTE', 'MC12', 'MERAK', 'MEXICO', 'QUATTROPORTE', 'ROYALE', 'SHAMAL']"
MAYBACH,"['57', '62', 'EXELERO']"
MAZDA,"['1000', '121', '1300', '2', '3', '3MPS', '323', '5', '6', '6_MPS', '616', '626', '818', '929', 'ATENZA', 'AUTOZAM_AZ3', 'AXELA', 'AUTOZAM_AZ1', 'AZ_OFFROAD', 'AZ_WAGON', 'B_SERIES', 'BIANTE', 'BONGO', 'BONGO_FRIENDEE', 'BT_50', 'CAPELLA', 'CAROL', 'CHANTEZ', 'COSMO', 'CRONOS', 'CX_3', 'CX_30', 'CX_5', 'CX_7', 'CX_8', 'CX_9', 'DEMIO', 'EFINI_MS_6', 'EFINI_MS_8', 'EFINI_MS_9', 'ETUDE', 'EUNOS_100', 'EUNOS_300', 'EUNOS_500', 'EUNOS_800', 'EUNOS_COSMO', 'FAMILIA', 'FLAIR', 'FLAIR_CROSSOVER', 'FLAIR_WAGON', 'LANTIS', 'LAPUTA', 'LUCE', 'MILLENIA', 'MPV', 'MX_3', 'MX_5', 'MX_6', 'NAVAJO', 'PERSONA', 'PREMACY', 'PROCEED', 'PROCEED_LEVANTE', 'PROCEED_MARVIE', 'PROTEGE', 'R_360', 'REVUE', 'ROADSTER', 'RX_7', 'RX_8', 'SCRUM', 'SENTIA', 'SPIANO', 'TRIBUTE', 'VERISA', 'XEDOS_6', 'XEDOS_9']"
MCLAREN,"['540C', '570GT', '570S', '600LT', '650S', '675LT', '720S', 'F1', 'GT', '12C', 'P1', 'SENNA']"
MEGA,"['CLUB', 'MONTE_CARLO', 'TRACK']"
MERCEDES,"['W201', '190_SL', 'A_KLASSE', 'A_KLASSE_AMG', 'AMG_GT', 'B_KLASSE', 'C_KLASSE', 'C_KLASSE_AMG', 'CITAN', 'CL_KLASSE', 'CL_KLASSE_AMG', 'CLA_KLASSE', 'CLA_KLASSE_AMG', 'CLC_KLASSE', 'CLK_KLASSE', 'CLK_KLASSE_AMG', 'CLS_KLASSE', 'CLS_KLASSE_AMG', 'E_KLASSE', 'E_KLASSE_AMG', 'EQC', 'G_KLASSE', 'G_KLASSE_AMG', 'G_KLASSE_AMG_6X6', 'GL_KLASSE', 'GL_KLASSE_AMG', 'GLA_CLASS', 'GLA_CLASS_AMG', 'GLB_KLASSE', 'GLB_AMG', 'GLC_KLASSE', 'GLC_KLASSE_AMG', 'GLC_COUPE', 'AMG_GLC_COUPE', 'GLE_KLASSE', 'GLE_KLASSE_AMG', 'GLE_KLASSE_COUPE', 'GLE_KLASSE_COUPE_AMG', 'GLK_KLASSE', 'GLS_KLASSE', 'GLS_KLASSE_AMG', 'M_KLASSE', 'M_KLASSE_AMG', 'MAYBACH_G_650', 'MAYBACH_GLS', 'S_CLASS_MAYBACH', 'R_KLASSE', 'R_KLASSE_AMG', 'S_KLASSE', 'S_KLASSE_AMG', 'SIMPLEX', 'SL_KLASSE', 'SL_KLASSE_AMG', 'SLC_KLASSE', 'SLC_KLASSE_AMG', 'SLK_KLASSE', 'SLK_KLASSE_AMG', 'SLR_KLASSE', 'SLS_AMG', 'V_KLASSE', 'VANEO', 'VIANO', 'VITO', 'W100', 'W105', 'W108', 'W110', 'W111', 'W114', 'W115', 'W120', 'W121', 'W123', 'W124', 'W128', 'W136', 'W142', 'W186', 'W188', 'W189', 'W191', 'W29', 'X_KLASSE']"
MERCURY,"['CAPRI', 'COLONY_PARK', 'COUGAR', 'EIGHT', 'GRAND_MARQUIS', 'MARAUDER', 'MARINER', 'MARQUIES', 'MILAN', 'MONTEGO', 'MONTEREY', 'MOUNTAINEER', 'MYSTIQUE', 'SABLE', 'TOPAZ', 'TRACER', 'VILLAGER']"
METROCAB,"['METROCAB_1', 'METROCAB_II_TTT']"
MG,"['3', '350', '5', '550', '6', '750', 'F', 'GS', 'MAESTRO', 'METRO', 'MGA', 'MGB', 'MIDGET', 'MONTEGO', 'RV8', 'TD_MIDGET', 'TF', 'XPOWER_SV', 'ZR', 'ZS', 'ZT']"
MICROCAR,"['F8C', 'MGO', 'M8', 'MC', 'VIRGO']"
MINELLI,['TF_1800']
MINI,"['CABRIO', 'CLUBMAN', 'COUNTRYMAN', 'COUPE', 'HATCH', 'PACEMAN', 'ROADSTER']"
MITSUBISHI,"['3000_GT', '500', 'AIRTREK', 'ASPIRE', 'ASX', 'ATTRAGE', 'BRABO', 'CARISMA', 'CELESTE', 'CHALLENGER', 'CHARIOT', 'COLT', 'CORDIA', 'DEBONAIR', 'DELICA', 'DELICA_D2', 'DELICA_D3', 'DELICA_D_5', 'DIAMANTE', 'DIGNITY', 'DINGO', 'DION', 'ECLIPSE', 'ECLIPSE_CROSS', 'EK_ACTIVE', 'EK_CLASSIC', 'EK_CUSTOM', 'EK_SPACE', 'EK_SPORT', 'EK_WAGON', 'EMERAUDE', 'ENDEAVOR', 'ETERNA', 'FREECA', 'FTO', 'GALANT', 'GALANT_FORTIS', 'GRANDIS', 'GTO', 'I', 'I_MIEV', 'JEEP_J', 'L200', 'L300', 'L400', 'LANCER', 'LANCER_CARGO', 'LANCER_EVOLUTION', 'LANCER_RALLIART', 'LEGNUM', 'LIBERO', 'MINICA', 'MINICAB', 'MIRAGE', 'MONTERO', 'MONTERO_SPORT', 'OUTLANDER', 'PAJERO', 'PAJERO_IO', 'PAJERO_JUNIOR', 'PAJERO_MINI', 'PAJERO_PININ', 'PAJERO_SPORT', 'PISTACHIO', 'PROUDIA', 'RAIDER', 'RVR', 'SAPPORO', 'SAVRIN', 'SIGMA', 'SPACE_GEAR', 'SPACE_RUNNER', 'SPACE_STAR', 'SPACE_WAGON', 'STARION', 'STRADA', 'TOPPO', 'TOWN_BOX', 'TREDIA', 'TRITON', 'XPANDER']"
MITSUOKA,"['GALUE', 'GALUE_204', 'HIMIKO', 'LE_SEYDE', 'LIKE', 'MC_1', 'NOUERA', 'OROCHI', 'RAY', 'ROCK_STAR', 'RYOGA', 'RYUGI', 'VIEWT', 'YUGA', 'ZERO_ONE']"
MORGAN,"['3_WHEELER', '4_SEATER', '4_4', 'AERO_8', 'AERO_COUPE', 'AERO_SUPERSPORTS', 'AEROMAX', 'PLUS_4', 'PLUS_8', 'ROADSTER']"
MORRIS,"['EIGHT', 'MARINA']"
NASH,['AMBASSADOR']
NISSAN,"['100NX', '180SX', '200SX', '240SX', '280ZX', '300ZX', '350Z', '370Z', 'AD', 'ALMERA', 'ALMERA_CLASSIC', 'ALMERA_TINO', 'ALTIMA', 'ARMADA', 'AUSTER', 'AVENIR', 'BASSARA', 'BE_1', 'BLUEBIRD', 'BLUEBIRD_MAXIMA', 'BLUEBIRD_SYLPHY', 'CARAVAN_COACH', 'CEDRIC', 'CEFIRO', 'CHERRY', 'CIMA', 'CLIPPER_RIO', 'CREW', 'CUBE', 'DATSUN', 'DAYZ', 'DAYZ_ROOX', 'DUALIS', 'ELGRAND', 'EXA', 'EXPERT', 'FAIRLADY_Z', 'FIGARO', 'FUGA', 'GLORIA', 'GT_R', 'HOMY', 'HYPERMINI', 'JUKE', 'JUKE_NISMO', 'KICKS', 'KIX', 'LAFESTA', 'LANGLEY', 'LARGO', 'LATIO', 'LAUREL', 'LEAF', 'LEOPARD', 'LIBERTA_VILLA', 'LIBERTY', 'LIVINA', 'LUCINO', 'MARCH', 'MAXIMA', 'MICRA', 'MISTRAL', 'MOCO', 'MURANO', 'NAVARA', 'NOTE', 'NP300', 'CLIPPER', 'NV200', 'NV350_CARAVAN', 'NX_COUPE', 'OTTI', 'PAO', 'PATHFINDER', 'PATROL', 'PINO', 'PIXO', 'PRAIRIE', 'PRESAGE', 'PRESEA', 'PRESIDENT', 'PRIMASTAR', 'PRIMERA', 'PULSAR', 'QASHQAI', 'QASHQAI_PLUS_2', 'QUEST', 'RNESSA', 'RASHEEN', 'ROGUE', 'ROOX', 'SAFARI', 'SENTRA', 'SERENA', 'SILVIA', 'SKYLINE', 'SKYLINE_CROSSOVER', 'STAGEA', 'STANZA', 'SUNNY', 'TEANA', 'TERRA', 'TERRANO', 'TERRANO_REGULUS', 'TIIDA', 'TINO', 'TITAN', 'URVAN', 'VANETTE', 'VERSA', 'WINGROAD', 'X_TRAIL', 'XTERRA']"
NOBLE,"['M12_GTO', 'M15', 'M600']"
OLDSMOBILE,"['ACHIEVA', 'ALERO', 'AURORA', 'BRAVADA', 'CUTLASS', 'CUTLASS_CALAIS', 'CUTLASS_CIERA', 'CUTLASS_SUPREME', 'EIGHTY_EIGHT', 'FIRENZA', 'INTRIGUE', 'NINETY_EIGHT', 'OMEGA', 'SERIES_60', 'SERIES_70', 'SILHOUETTE', 'STARFIRE', 'TORONADO', 'VISTA_CRUISER']"
OPEL,"['ADAM', 'ADMIRAL', 'AGILA', 'AMPERA', 'ANTARA', 'ASCONA', 'ASTRA', 'ASTRA_OPC', 'CALIBRA', 'CAMPO', 'CASCADA', 'COMBO', 'COMMODORE', 'CORSA', 'CORSA_OPC', 'CROSSLAND_X', 'DIPLOMAT', 'FRONTERA', 'GRANDLAND_X', 'GT', 'INSIGNIA', 'INSIGNIA_OPC', 'KADETT', 'KAPITAN', 'KARL', 'MANTA', 'MERIVA', 'MERIVA_OPC', 'MOKKA', 'MONTEREY', 'MONZA', 'OLYMPIA', 'OMEGA', 'P4', 'REKORD', 'SENATOR', 'SIGNUM', 'SINTRA', 'SPEEDSTER', 'SUPER_SIX', 'TIGRA', 'VECTRA', 'VECTRA_OPC', 'VITA', 'VIVARO', 'ZAFIRA', 'ZAFIRA_LIFE', 'ZAFIRA_OPC']"
OSCA,['2500_GT']
PACKARD,"['200_250', 'CLIPPER', 'CUSTOM_EIGHT', 'ONE_TWENTY', 'TWELVE']"
PAGANI,"['HUAYRA', 'ZONDA']"
PANOZ,"['ESPERANTE', 'ROADSTER']"
PERODUA,"['ALZA', 'KANCIL', 'KELISA', 'KEMBARA', 'KENARI', 'MYVI', 'NAUTICA', 'VIVA']"
PEUGEOT,"['1007', '104', '106', '107', '108', '2008', '201', '202', '203', '204', '205', '205_GTI', '206', '207', '208', '208_GTI', '3008', '301', '304', '305', '306', '307', '308', '308_GTI', '309', '4007', '4008', '402', '403', '404', '405', '406', '407', '408', '5008', '504', '505', '508', '604', '605', '607', '806', '807', 'BIPPER', 'EXPERT', 'ION', 'PARTNER', 'RCZ', 'RIFTER', 'TRAVELLER']"
PGO,"['CEVENNES', 'HEMERA', 'SPEEDSTER_II']"
PIAGGIO,['PORTER']
PLYMOUTH,"['ACCLAIM', 'BARRACUDA', 'BREEZE', 'CARAVELLE', 'FURY', 'HORIZON', 'LASER', 'NEON', 'PROWLER', 'RELIANT', 'ROAD_RUNNER', 'SATELLITE', 'SUNDANCE', 'TURISMO', 'VALIANT', 'VOLARE', 'VOYAGER']"
PONTIAC,"['6000', 'AZTEK', 'BONNEVILLE', 'CATALINA', 'FIERO', 'FIREBIRD', 'G4', 'G5', 'G6', 'G8', 'GRAND_AM', 'GRAND_PRIX', 'GTO', 'LAURENTIAN', 'LEMANS', 'MONTANA', 'PARISIENNE', 'PHOENIX', 'SOLSTICE', 'SUNBIRD', 'SUNFIRE', 'TEMPEST', 'TORPEDO', 'TORRENT', 'TRANS_SPORT', 'VIBE', 'WAVE']"
PORSCHE,"['356', '718_SPYDER', '911', '911_GT2', '911_GT3', '911_R', '912', '914', '918_SPYDER', '924', '928', '944', '959', '968', 'BOXSTER', 'CARRERA_GT', 'CAYENNE', 'CAYMAN', 'CAYMAN_GT4', 'MACAN', 'PANAMERA', 'TAYCAN']"
PREMIER,"['118NE', 'PADMINI']"
PROTON,"['ARENA', 'EXORA', 'GEN_2', 'INSPIRA', 'JUARA', 'PERDANA', 'PERSONA', 'PREVE', 'PUTRA', 'SAGA', 'SATRIA', 'SAVVY', 'TIARA', 'WAJA', 'WIRA']"
PUCH,"['G_MODELL', 'PINZGAUER']"
PUMA,"['GTB', 'GTE']"
QOROS,['3']
QVALE,['MANGUSTA']
RAMBLER,['AMBASSADOR']
RAVON,"['GENTRA', 'MATIZ', 'NEXIA_R3', 'R2', 'R4']"
RELIANT,['SCIMITAR']
RENAISSANCE_CARS,['TROPICA_ROADSTER']
RENAULT,"['10', '11', '12', '14', '15', '16', '17', '18', '19', '20', '21', '25', '30', '4', '4CV', '5', '6', '8', '9', 'ALASKAN', 'ARKANA', 'AVANTIME', 'CAPTUR', 'CARAVELLE', 'CLIO', 'CLIO_RS', 'CLIO_V6', 'DAUPHINE', 'DOKKER', 'DUSTER', 'ESPACE', 'FLORIDE', 'FLUENCE', 'FREGATE', 'FUEGO', 'KADJAR', 'KANGOO', 'KAPTUR', 'KOLEOS', 'KWID', 'LAGUNA', 'LATITUDE', 'LODGY', 'LOGAN', 'MEGANE', 'MEGANE_RS', 'MODUS', 'RODEO', 'SAFRANE', 'SANDERO', 'SANDERO_RS', 'SCENIC', 'SPORT_SPYDER', 'CLIO_SYMBOL', 'TALISMAN', 'TRAFIC', 'TWINGO', 'TWIZY', 'VEL_SATIS', 'VIVASTELLA', 'WIND', 'ZOE']"
SAMSUNG,"['QM5', 'QM6', 'SM3', 'SM5', 'SM7']"
REZVANI,"['BEAST', 'TANK']"
RIMAC,"['C_TWO', 'CONCEPT_ONE']"
RINSPEED,['CHOPSTER']
ROLLS_ROYCE,"['20_25', 'CAMARGUE', 'CORNICHE', 'CULLINAN', 'DAWN', 'GHOST', 'PARK_WARD', 'PHANTOM', 'SILVER_CLOUD', 'SILVER_GHOST', 'SILVER_SERAPH', 'SILVER_SHADOW', 'SILVER_SPIRIT', 'SILVER_SPUR', 'SILVER_WRAITH', 'WRAITH']"
RONART,['LIGHTING']
ROVER,"['100', '14', '200', '25', '400', '45', '600', '75', '800', 'MAESTRO', 'METRO', 'MINI', 'P3', 'P4', 'P6', 'SD1', 'STREETWISE']"
SAAB,"['600', '9_2X', '9_3', '9_4X', '9_5', '9_7X', '90', '900', '9000', '93', '95', '96', '99', 'SONETT']"
SAIPA,"['SAINA', 'TIBA']"
SALEEN,['S7']
SANTANA,['PS_10']
SATURN,"['ASTRA', 'AURA', 'ION', 'LS', 'LW', 'OUTLOOK', 'RELAY', 'SC', 'SKY', 'SL', 'SW', 'VUE']"
SCION,"['FR_S', 'IA', 'IM', 'IQQ', 'TC', 'XA', 'XB', 'XD']"
SEAT,"['133', 'ALHAMBRA', 'ALTEA', 'ARONA', 'AROSA', 'ATECA', 'CORDOBA', 'EXEO', 'FURA', 'IBIZA', 'IBIZA_CUPRA', 'INCA', 'LEON', 'LEON_CUPRA', 'MALAGA', 'MARBELLA', 'MII', 'RONDA', 'TARRACO', 'TOLEDO']"
SHANGHAI_MAPLE,"['C31', 'C32', 'C51', 'C52', 'C61', 'C81']"
SHUANGHUAN,"['NOBLE', 'SCEO']"
SIMCA,"['1300_1500', '1307']"
SKODA,"['100_SERIES', '120', '1200', 'CITIGO', 'FABIA', 'FABIA_RS', 'FAVORIT', 'FELICIA', 'FORMAN', 'KAMIQ', 'KAROQ', 'KODIAQ', 'KODIAQ_RS', 'OCTAVIA', 'OCTAVIA_RS', 'POPULAR', 'RAPID', 'ROOMSTER', 'SCALA', 'SUPERB', 'YETI']"
SMART,"['FORFOUR', 'FORTWO', 'ROADSTER']"
SOUEAST,['LIONCEL']
SPECTRE,['R42']
SPYKER,"['C12', 'C8']"
SSANG_YONG,"['ACTYON', 'ACTYON_SPORT', 'CHAIRMAN', 'ISTANA', 'KALLISTA', 'KORANDO', 'KORANDO_FAMILY', 'KORANDO_SPORTS', 'KORANDO_TURISMO', 'KYRON', 'MUSSO', 'NOMAD', 'REXTON', 'RODIUS', 'STAVIC', 'TIVOLI', 'TIVOLI_XLV']"
STEYR,['1500']
STUDEBAKER,['GOLDEN_HAWK']
SUBARU,"['1000', '360', 'ALCYONE', 'ASCENT', 'BAJA', 'BIGHORN', 'BISTRO', 'BRAT', 'BRZ', 'DEX', 'DIAS_WAGON', 'DOMINGO', 'EXIGA', 'FORESTER', 'IMPREZA', 'IMPREZA_WRX', 'IMPREZA_WRX_STI', 'JUSTY', 'LEGACY', 'LEGACY_LANCASTER', 'LEONE', 'LEVORG', 'LIBERO', 'LUCRA', 'OUTBACK', 'PLEO', 'R1', 'R2', 'REX', 'SAMBAR', 'STELLA', 'SVX', 'TRAVIQ', 'TREZIA', 'B9_TRIBECA', 'VIVIO', 'WRX', 'WRX_STI', 'XT', 'XV']"
SUZUKI,"['AERIO', 'ALTO', 'ALTO_LAPIN', 'APV', 'BALENO', 'CAPPUCCINO', 'CARA', 'CARRY', 'CELERIO', 'CERVO_CLASSIC', 'CULTUS', 'EQUATOR', 'ERTIGA', 'ESCUDO', 'ESTEEM', 'EVERY', 'FORENZA', 'GRAND_VITARA', 'HUSTLER', 'IGNIS', 'JIMNY', 'KEI', 'KIZASHI', 'LANDY', 'LIANA', 'MR_WAGON', 'PALETTE', 'RENO', 'SAMURAI', 'SIDEKICK', 'SOLIO', 'SPACIA', 'SPLASH', 'SWIFT', 'SX4', 'TWIN', 'VERONA', 'VITARA', 'WAGON_R', 'WAGON_R_PLUS', 'X_90', 'XL_7']"
TALBOT,"['1510', 'AVENGER', 'HORIZON', 'RANCHO', 'SAMBA', 'SOLARA', 'TAGORA']"
TATA,"['ARIA', 'ESTATE', 'INDICA', 'INDIGO', 'NANO', 'SAFARI', 'SIERRA', 'SUMO', 'SUMO_GRANDE', 'TELCOLINE', 'XENON']"
TATRA,"['57', '77', '80', '87', 'T603', 'T613', 'T700']"
TAZZARI,['ZERO']
TESLA,"['CYBERTRUCK', 'MODEL_3', 'MODEL_S', 'MODEL_X', 'MODEL_Y', 'ROADSTER']"
THINK,['CITY']
TIANMA,['CENTURY']
TIANYE,['ADMIRAL']
TOFAS,"['KARTAL', 'MURAT_124', 'MURAT_131', 'SAHIN', 'SERCE']"
TOYOTA,"['2000GT', '4RUNNER', 'ALLEX', 'ALLION', 'ALPHARD', 'ALTEZZA', 'AQUA', 'ARISTO', 'AURION', 'AURIS', 'AVALON', 'AVANZA', 'AVENSIS', 'AVENSIS_VERSO', 'AYGO', 'BB', 'BELTA', 'BLADE', 'BLIZZARD', 'BREVIS', 'C_HR', 'CALDINA', 'CAMI', 'CAMRY', 'CAMRY_SOLARA', 'CARINA', 'CARINA_E', 'CARINA_ED', 'CAVALIER', 'CELICA', 'CELSIOR', 'CENTURY', 'CHASER', 'CLASSIC', 'COMFORT', 'COMS', 'COROLLA', 'COROLLA_II', 'COROLLA_LEVIN', 'COROLLA_RUMION', 'COROLLA_SPACIO', 'COROLLA_VERSO', 'CORONA', 'CORONA_EXIV', 'CORSA', 'CRESSIDA', 'CRESTA', 'CROWN', 'CROWN_MAJESTA', 'CURREN', 'CYNOS', 'DUET', 'ECHO', 'ESQUIRE', 'ESTIMA', 'ETIOS', 'FJ_CRUISER', 'FORTUNER', 'FUNCARGO', 'GAIA', 'GRAND_HIACE', 'GRANVIA', 'GT86', 'HARRIER', 'HIACE', 'HIGHLANDER', 'HILUX', 'HILUX_SURF', 'INNOVA', 'IPSUM', 'IQ', 'ISIS', 'IST', 'KLUGER', 'LAND_CRUISER', 'LAND_CRUISER_PRADO', 'LITE_ACE', 'MARK_II', 'MARK_X', 'MARK_X_ZIO', 'MASTER_ACE_SURF', 'MATRIX', 'MEGA_CRUISER', 'MIRAI', 'MODEL_F', 'MR_S', 'MR2', 'NADIA', 'NOAH', 'OPA', 'ORIGIN', 'PASEO', 'PASSO', 'PASSO_SETTE', 'PICNIC', 'PIXIS_EPOCH', 'PIXIS_JOY', 'PIXIS_MEGA', 'PIXIS_SPACE', 'PIXIS_VAN', 'PLATZ', 'PORTE', 'PREMIO', 'PREVIA', 'PRIUS', 'PRIUS_ALPHA', 'PRIUS_C', 'PRIUSPLUS', 'PROACE', 'PROBOX', 'PROGRES', 'PRONARD', 'PUBLICA', 'RACTIS', 'RAIZE', 'RAUM', 'RAV_4', 'REGIUS', 'REGIUSACE', 'ROOMY', 'RUSH', 'SAI', 'SCEPTER_SEDAN', 'SEQUOIA', 'SERA', 'SIENNA', 'SIENTA', 'SOARER', 'SOLUNA', 'SPADE', 'SPARKY', 'SPORTS_800', 'SPRINTER', 'SPRINTER_CARIB', 'SPRINTER_MARINO', 'SPRINTER_TRUENO', 'STARLET', 'SUCCEED', 'SUPRA', 'TACOMA', 'TANK', 'TERCEL', 'TOURING_HIACE', 'TOWN_ACE', 'TUNDRA', 'URBAN_CRUISER', 'VANGUARD', 'VELLFIRE', 'VENZA', 'VEROSSA', 'VERSO', 'VERSO_S', 'VIOS', 'VISTA', 'VITZ', 'VOLTZ', 'VOXY', 'WILL', 'WILL_CYPHA', 'WINDOM', 'WISH', 'YARIS', 'YARIS_VERSO']"
TRABANT,"['1_1', '600', '601', 'P50']"
TRAMONTANA,['TRAMONTANA']
TRIUMPH,"['ACCLAIM', 'SPITFIRE', 'STAG', 'TR4', 'TR6', 'TR7', 'TR8']"
TVR,"['280', '350', '390', '400', '420', '450', 'CERBERA', 'CHIMAERA', 'GRIFFITH', 'S_SERIES', 'SAGARIS', 'TAIMAR', 'TAMORA', 'TASMIN', 'TUSCAN']"
ULTIMA,['GTR']
VAUXHALL,"['ADAM', 'AMPERA', 'ASTRA', 'CARLTON', 'CAVALIER', 'CHEVETTE', 'CORSA', 'FIRENZA', 'FRONTERA', 'INSIGNIA', 'MERIVA', 'MOKKA', 'MONARO', 'OMEGA', 'ROYALE', 'TIGRA', 'VECTRA', 'VELOX', 'VENTORA', 'VICEROY', 'VICTOR', 'VIVA', 'VXR8', 'ZAFIRA']"
VECTOR,"['M12', 'W8']"
VENTURI,"['210', '260_LM', '300_ATLANTIQUE', '400_GT']"
VOLKSWAGEN,"['181', 'AMAROK', 'ARTEON', 'ATLAS', 'BEETLE', 'BORA', 'CADDY', 'CALIFORNIA', 'CARAVELLE', 'CORRADO', 'DERBY', 'EOS', 'EUROVAN', 'FOX', 'GOL', 'GOLF', 'GOLF_COUNTRY', 'GOLF_GTI', 'GOLF_PLUS', 'GOLF_R', 'GOLF_R32', 'GOLF_SPORTSVAN', 'ID3', 'ILTIS', 'JETTA', 'K70', 'KARMANN_GHIA', 'LUPO', 'LUPO_GTI', 'MULTIVAN', 'PARATI', 'PASSAT', 'PASSAT_NA', 'PASSAT_CC', 'PHAETON', 'POINTER', 'POLO', 'POLO_GTI', 'POLO_R_WRC', 'QUANTUM', 'ROUTAN', 'SANTANA', 'SCIROCCO', 'SCIROCCO_R', 'SHARAN', 'T_CROSS', 'T_ROC', 'T_ROC_R', 'TARO', 'TERAMONT', 'TIGUAN', 'TOUAREG', 'TOURAN', 'TRANSPORTER', 'TYPE_1', 'TYPE_2', 'TYPE_3', 'TYPE_4', 'UP', 'VENTO', 'XL1']"
VOLVO,"['120_SERIES', '140', '164', '240_SERIES', '260', '300_SERIES', '440', '460', '480', '66', '740', '760', '780', '850', '940', '960', 'C30', 'C70', 'LAPLANDER', 'P1800', 'P1900', 'S40', 'S60', 'S60_CROSS_COUNTRY', 'S70', 'S80', 'S90', 'V40', 'V40_CC', 'V50', 'V60', 'V60_CROSS_COUNTRY', 'V70', 'V90', 'V90_CROSS_COUNTRY', 'XC40', 'XC60', 'XC70', 'XC90']"
VORTEX,"['CORDA', 'ESTINA', 'TINGO']"
W_MOTORS,"['FENYR_SUPERSPORT', 'LYKAN_HYPERSPORT']"
WANDERER,"['W23', 'W50']"
WARTBURG,"['1_3', '353']"
WESTFIELD,"['SEI_SPORT', 'SEIGHT']"
WIESMANN,"['GT', 'ROADSTER']"
WILLIS,"['CJ', 'MODEL_20', 'MB']"
XINKAI,"['PICKUP_X3', 'SR_V_X3', 'SUV_X3']"
ZASTAVA,"['10', 'FLORIDA', 'SKALA', 'YUGO']"
ZENOS,['E10']
ZENVO,['ST1']
ZIBAR,['MK2']
ZOTYE,"['COUPA', 'NOMAD', 'SR9', 'T600', 'Z100', 'Z300']"
ZX,"['ADMIRAL', 'GRAND_TIGER', 'LANDMARK']"
AVTOKAM,"['2160', '2163', '3101']"
GAZ,"['12', '13', '14', '18', '21', '22', '2308_ATAMAN', '2330_TIGR', '24', '3102', '31029', '3103_VOLGA', '3105', '3110', '31105', '3111', '46', '61', '64', '67', '69', 'VOLGA_SIBER', 'A', 'M_20', 'M_72', 'M1']"
PROMO_AUTO,"['DALLARA_F399_300', 'SHOW_CAR']"
ZAZ,"['TAVRIA', 'SLAVUTA', 'DANA', '965', '966', '968', 'CHANCE', 'FORZA', 'ZAZ_LANOS', 'SENS', 'VIDA']"
ZIL,"['111', '114', '117', '4104']"
ZIS,"['101', '110']"
IG,"['2125', '2126', '21261_FABULA', '2717', '412']"
KANONIR,['2317']
KOMBAT,['T98']
LUAZ,"['1302', '967', '969']"
MOSCVICH,"['2136', '2137', '2138', '2140', '2141', '2142', '400', '401', '402', '403', '407', '408', '410', '411', '412', '423', '424', '426', '427', '430', 'DUET', 'IVAN_KALITA', 'KNYAZ_VLADIMIR', 'SVYATOGOR', 'YURI_DOLGORUKIY']"
SMZ,"['S3A', 'S3D']"
TAGAZ,"['AQUILA', 'C30', 'C10', 'C190', 'ROAD_PARTNER', 'TAGER', 'C_100']"
UAZ,"['3151', '3153', '3159', '3160', '3162', '469', 'HUNTER', 'PATRIOT', 'PICKUP', 'ASTERO']"
E_MOBIL,['E_CROSSOVER']
